from,to,const
% Generation from coal (GWh / thousang short ton),,
1T,EC,1.915360158
2T,EC,2.615941235
3T,EC,2.140116215
4T,EC,2.180681943
1T,ED,2.071623384
2T,ED,2.829360844
3T,ED,2.314715997
4T,ED,2.358591249
% Generation from natural gas,,
NT,EG,0.164198121
NT,ET,0.116628959
% Renewables,,
EH,EL,0.70365
EW,EL,0.31573
EY,EL,0.35
EV,EL,0.11903
EU,EL,0.24875
E3,EL,0.45
E2,EL,0.45
